period,revenue,spending,balance,unit,sourceUrl,publishedAt,status
2018-01,35191.206237,26629.004662,8562.201575,PLN million,https://www.gov.pl/attachment/5fb9b501-2c56-4495-8df1-89f8e8c92f76,2019-06-11,reported_actual
2018-02,26829.084026,30930.535411,-4101.451385,PLN million,https://www.gov.pl/attachment/5fb9b501-2c56-4495-8df1-89f8e8c92f76,2019-06-11,reported_actual
2018-03,26448.875071,27781.995391,-1333.12032,PLN million,https://www.gov.pl/attachment/5fb9b501-2c56-4495-8df1-89f8e8c92f76,2019-06-11,reported_actual
2018-04,36693.119328,30495.549333,6197.569995,PLN million,https://www.gov.pl/attachment/5fb9b501-2c56-4495-8df1-89f8e8c92f76,2019-06-11,reported_actual
2018-05,28846.297786,28586.158026,260.13976,PLN million,https://www.gov.pl/attachment/5fb9b501-2c56-4495-8df1-89f8e8c92f76,2019-06-11,reported_actual
2018-06,27999.172308,28049.040047,-49.867739,PLN million,https://www.gov.pl/attachment/5fb9b501-2c56-4495-8df1-89f8e8c92f76,2019-06-11,reported_actual
2018-07,30146.655992,40540.828716,-10394.172724,PLN million,https://www.gov.pl/attachment/5fb9b501-2c56-4495-8df1-89f8e8c92f76,2019-06-11,reported_actual
2018-08,31305.890312,29394.944634,1910.945677,PLN million,https://www.gov.pl/attachment/5fb9b501-2c56-4495-8df1-89f8e8c92f76,2019-06-11,reported_actual
2018-09,29401.826634,27270.378858,2131.447777,PLN million,https://www.gov.pl/attachment/5fb9b501-2c56-4495-8df1-89f8e8c92f76,2019-06-11,reported_actual
2018-10,36551.872406,33259.253869,3292.618537,PLN million,https://www.gov.pl/attachment/5fb9b501-2c56-4495-8df1-89f8e8c92f76,2019-06-11,reported_actual
2018-11,33980.851554,29397.067985,4583.783569,PLN million,https://www.gov.pl/attachment/5fb9b501-2c56-4495-8df1-89f8e8c92f76,2019-06-11,reported_actual
2018-12,36653.288346,58119.590068,-21466.302722,PLN million,https://www.gov.pl/attachment/5fb9b501-2c56-4495-8df1-89f8e8c92f76,2019-06-11,reported_actual
2019-01,38737.015889,32149.648837,6587.367052,PLN million,https://www.gov.pl/attachment/46d2ec6b-d531-4e51-84d9-77ed62ff8f3f,2020-06-04,reported_actual
2019-02,26040.327014,33420.565265,-7380.238252,PLN million,https://www.gov.pl/attachment/46d2ec6b-d531-4e51-84d9-77ed62ff8f3f,2020-06-04,reported_actual
2019-03,25509.125915,29206.068066,-3696.942149,PLN million,https://www.gov.pl/attachment/46d2ec6b-d531-4e51-84d9-77ed62ff8f3f,2020-06-04,reported_actual
2019-04,39679.200182,35264.520832,4414.679349,PLN million,https://www.gov.pl/attachment/46d2ec6b-d531-4e51-84d9-77ed62ff8f3f,2020-06-04,reported_actual
2019-05,32899.956,34760.098,-1860.142,PLN million,https://www.gov.pl/attachment/46d2ec6b-d531-4e51-84d9-77ed62ff8f3f,2020-06-04,reported_actual
2019-06,29311.498,32416.65,-3105.152,PLN million,https://www.gov.pl/attachment/46d2ec6b-d531-4e51-84d9-77ed62ff8f3f,2020-06-04,reported_actual
2019-07,36588.767,36331.248,257.519,PLN million,https://www.gov.pl/attachment/46d2ec6b-d531-4e51-84d9-77ed62ff8f3f,2020-06-04,reported_actual
2019-08,34078.061,31275.889,2802.171,PLN million,https://www.gov.pl/attachment/46d2ec6b-d531-4e51-84d9-77ed62ff8f3f,2020-06-04,reported_actual
2019-09,33183.933,32989.515,194.419,PLN million,https://www.gov.pl/attachment/46d2ec6b-d531-4e51-84d9-77ed62ff8f3f,2020-06-04,reported_actual
2019-10,36864.04,38269.789,-1405.749,PLN million,https://www.gov.pl/attachment/46d2ec6b-d531-4e51-84d9-77ed62ff8f3f,2020-06-04,reported_actual
2019-11,34215.668,32905.945,1309.722,PLN million,https://www.gov.pl/attachment/46d2ec6b-d531-4e51-84d9-77ed62ff8f3f,2020-06-04,reported_actual
2019-12,33427.663,45283.077,-11855.413,PLN million,https://www.gov.pl/attachment/46d2ec6b-d531-4e51-84d9-77ed62ff8f3f,2020-06-04,reported_actual
2020-01,40271.703,36844.986,3426.717,PLN million,https://www.gov.pl/attachment/43c8b761-8a8d-433b-9781-31f7fe935ccc,2021-06-08,reported_actual
2020-02,29661.345,36400.103,-6738.758,PLN million,https://www.gov.pl/attachment/43c8b761-8a8d-433b-9781-31f7fe935ccc,2021-06-08,reported_actual
2020-03,26265.107,32307.557,-6042.45,PLN million,https://www.gov.pl/attachment/43c8b761-8a8d-433b-9781-31f7fe935ccc,2021-06-08,reported_actual
2020-04,33441.808,42970.168,-9528.36,PLN million,https://www.gov.pl/attachment/43c8b761-8a8d-433b-9781-31f7fe935ccc,2021-06-08,reported_actual
2020-05,27429.724,34428.6,-6998.875,PLN million,https://www.gov.pl/attachment/43c8b761-8a8d-433b-9781-31f7fe935ccc,2021-06-08,reported_actual
2020-06,40324.217,31560.88,8763.336,PLN million,https://www.gov.pl/attachment/43c8b761-8a8d-433b-9781-31f7fe935ccc,2021-06-08,reported_actual
2020-07,38413.016,37589.097,823.919,PLN million,https://www.gov.pl/attachment/43c8b761-8a8d-433b-9781-31f7fe935ccc,2021-06-08,reported_actual
2020-08,33102.893,30107.035,2995.858,PLN million,https://www.gov.pl/attachment/43c8b761-8a8d-433b-9781-31f7fe935ccc,2021-06-08,reported_actual
2020-09,35602.012,36057.948,-455.937,PLN million,https://www.gov.pl/attachment/43c8b761-8a8d-433b-9781-31f7fe935ccc,2021-06-08,reported_actual
2020-10,39460.871,37776.56,1684.312,PLN million,https://www.gov.pl/attachment/43c8b761-8a8d-433b-9781-31f7fe935ccc,2021-06-08,reported_actual
2020-11,38515.097,39649.482,-1134.386,PLN million,https://www.gov.pl/attachment/43c8b761-8a8d-433b-9781-31f7fe935ccc,2021-06-08,reported_actual
2020-12,37307.884,109083.732,-71775.847,PLN million,https://www.gov.pl/attachment/43c8b761-8a8d-433b-9781-31f7fe935ccc,2021-06-08,reported_actual
2021-01,40655.999,34010.719,6645.281,PLN million,https://www.gov.pl/attachment/acd45f09-cc58-441e-aab7-923929635fa5,2022-05-31,reported_actual
2021-02,30440.749,36210.144,-5769.396,PLN million,https://www.gov.pl/attachment/acd45f09-cc58-441e-aab7-923929635fa5,2022-05-31,reported_actual
2021-03,29963.857,34254.086,-4290.229,PLN million,https://www.gov.pl/attachment/acd45f09-cc58-441e-aab7-923929635fa5,2022-05-31,reported_actual
2021-04,46006.114,33432.849,12573.265,PLN million,https://www.gov.pl/attachment/acd45f09-cc58-441e-aab7-923929635fa5,2022-05-31,reported_actual
2021-05,34412.088,34220.807,191.281,PLN million,https://www.gov.pl/attachment/acd45f09-cc58-441e-aab7-923929635fa5,2022-05-31,reported_actual
2021-06,52492.194,33851.032,18641.162,PLN million,https://www.gov.pl/attachment/acd45f09-cc58-441e-aab7-923929635fa5,2022-05-31,reported_actual
2021-07,44112.529,36850.311,7262.218,PLN million,https://www.gov.pl/attachment/acd45f09-cc58-441e-aab7-923929635fa5,2022-05-31,reported_actual
2021-08,42019.896,33906.325,8113.571,PLN million,https://www.gov.pl/attachment/acd45f09-cc58-441e-aab7-923929635fa5,2022-05-31,reported_actual
2021-09,39976.448,35755.098,4221.35,PLN million,https://www.gov.pl/attachment/acd45f09-cc58-441e-aab7-923929635fa5,2022-05-31,reported_actual
2021-10,45585.627,41285.996,4299.631,PLN million,https://www.gov.pl/attachment/acd45f09-cc58-441e-aab7-923929635fa5,2022-05-31,reported_actual
2021-11,45778.796,47285.682,-1506.886,PLN million,https://www.gov.pl/attachment/acd45f09-cc58-441e-aab7-923929635fa5,2022-05-31,reported_actual
2021-12,43399.166,120153.768,-76754.602,PLN million,https://www.gov.pl/attachment/acd45f09-cc58-441e-aab7-923929635fa5,2022-05-31,reported_actual
2022-01,58740.534944,36448.95,22291.584944,PLN million,https://www.gov.pl/attachment/848524d8-4af1-49b7-a304-14199eccfc70,2023-06-05,reported_actual
2022-02,32874.472082,43901.941577,-11027.469495,PLN million,https://www.gov.pl/attachment/848524d8-4af1-49b7-a304-14199eccfc70,2023-06-05,reported_actual
2022-03,28477.967974,40009.541423,-11531.572449,PLN million,https://www.gov.pl/attachment/848524d8-4af1-49b7-a304-14199eccfc70,2023-06-05,reported_actual
2022-04,47963.638,38488.992,9474.645,PLN million,https://www.gov.pl/attachment/848524d8-4af1-49b7-a304-14199eccfc70,2023-06-05,reported_actual
2022-05,41908.142,39061.225,2846.917,PLN million,https://www.gov.pl/attachment/848524d8-4af1-49b7-a304-14199eccfc70,2023-06-05,reported_actual
2022-06,53662.228,37982.676,15679.552,PLN million,https://www.gov.pl/attachment/848524d8-4af1-49b7-a304-14199eccfc70,2023-06-05,reported_actual
2022-07,49664.805594,42738.224508,6926.581086,PLN million,https://www.gov.pl/attachment/848524d8-4af1-49b7-a304-14199eccfc70,2023-06-05,reported_actual
2022-08,31815.585406,38948.409492,-7132.825086,PLN million,https://www.gov.pl/attachment/848524d8-4af1-49b7-a304-14199eccfc70,2023-06-05,reported_actual
2022-09,38026.152,38096.106,-69.953,PLN million,https://www.gov.pl/attachment/848524d8-4af1-49b7-a304-14199eccfc70,2023-06-05,reported_actual
2022-10,42802.49,43025.246,-222.757,PLN million,https://www.gov.pl/attachment/848524d8-4af1-49b7-a304-14199eccfc70,2023-06-05,reported_actual
2022-11,38592.546,47551.055,-8958.507,PLN million,https://www.gov.pl/attachment/848524d8-4af1-49b7-a304-14199eccfc70,2023-06-05,reported_actual
2022-12,40292.239,71146.54,-30854.302,PLN million,https://www.gov.pl/attachment/848524d8-4af1-49b7-a304-14199eccfc70,2023-06-05,reported_actual
2023-01,54542.675,43310.336,11232.338,PLN million,https://www.gov.pl/attachment/e38d72d2-4d8e-454d-bbdd-1cae56afab4a,2024-06-04,reported_actual
2023-02,38597.468,49877.177,-11279.708,PLN million,https://www.gov.pl/attachment/e38d72d2-4d8e-454d-bbdd-1cae56afab4a,2024-06-04,reported_actual
2023-03,31550.973,43532.04,-11981.067,PLN million,https://www.gov.pl/attachment/e38d72d2-4d8e-454d-bbdd-1cae56afab4a,2024-06-04,reported_actual
2023-04,48960.845,46959.24,2001.605,PLN million,https://www.gov.pl/attachment/e38d72d2-4d8e-454d-bbdd-1cae56afab4a,2024-06-04,reported_actual
2023-05,42704.14,53528.85,-10824.709,PLN million,https://www.gov.pl/attachment/e38d72d2-4d8e-454d-bbdd-1cae56afab4a,2024-06-04,reported_actual
2023-06,54250.167,46080.87,8169.296,PLN million,https://www.gov.pl/attachment/e38d72d2-4d8e-454d-bbdd-1cae56afab4a,2024-06-04,reported_actual
2023-07,53406.217,53814.747,-408.53,PLN million,https://www.gov.pl/attachment/e38d72d2-4d8e-454d-bbdd-1cae56afab4a,2024-06-04,reported_actual
2023-08,49746.71,53266.47,-3519.759,PLN million,https://www.gov.pl/attachment/e38d72d2-4d8e-454d-bbdd-1cae56afab4a,2024-06-04,reported_actual
2023-09,44229.06,62312.847,-18083.787,PLN million,https://www.gov.pl/attachment/e38d72d2-4d8e-454d-bbdd-1cae56afab4a,2024-06-04,reported_actual
2023-10,57404.531,59129.754,-1725.224,PLN million,https://www.gov.pl/attachment/e38d72d2-4d8e-454d-bbdd-1cae56afab4a,2024-06-04,reported_actual
2023-11,54937.67,61161.355,-6223.685,PLN million,https://www.gov.pl/attachment/e38d72d2-4d8e-454d-bbdd-1cae56afab4a,2024-06-04,reported_actual
2023-12,43627.476,86612.805,-42985.329,PLN million,https://www.gov.pl/attachment/e38d72d2-4d8e-454d-bbdd-1cae56afab4a,2024-06-04,reported_actual
2024-01,61510.213706,47826.002317,13684.211388,PLN million,https://www.gov.pl/attachment/82b401b8-5a99-4f98-8541-8fb5203fa6af,2025-06-03,reported_actual
2024-02,42518.360294,64041.394683,-21523.035388,PLN million,https://www.gov.pl/attachment/82b401b8-5a99-4f98-8541-8fb5203fa6af,2025-06-03,reported_actual
2024-03,42421.091,59085.026,-16663.934,PLN million,https://www.gov.pl/attachment/82b401b8-5a99-4f98-8541-8fb5203fa6af,2025-06-03,reported_actual
2024-04,67698.656,83051.33,-15352.674,PLN million,https://www.gov.pl/attachment/82b401b8-5a99-4f98-8541-8fb5203fa6af,2025-06-03,reported_actual
2024-05,46894.375,60150.48,-13256.105,PLN million,https://www.gov.pl/attachment/82b401b8-5a99-4f98-8541-8fb5203fa6af,2025-06-03,reported_actual
2024-06,42841.089,59632.349,-16791.26,PLN million,https://www.gov.pl/attachment/82b401b8-5a99-4f98-8541-8fb5203fa6af,2025-06-03,reported_actual
2024-07,52620.121,65484.757,-12864.636,PLN million,https://www.gov.pl/attachment/82b401b8-5a99-4f98-8541-8fb5203fa6af,2025-06-03,reported_actual
2024-08,52856.777,58739.382,-5882.605,PLN million,https://www.gov.pl/attachment/82b401b8-5a99-4f98-8541-8fb5203fa6af,2025-06-03,reported_actual
2024-09,50835.657,69470.386,-18634.729,PLN million,https://www.gov.pl/attachment/82b401b8-5a99-4f98-8541-8fb5203fa6af,2025-06-03,reported_actual
2024-10,59326.977,81829.19,-22502.213,PLN million,https://www.gov.pl/attachment/82b401b8-5a99-4f98-8541-8fb5203fa6af,2025-06-03,reported_actual
2024-11,59229.269,71277.674,-12048.405,PLN million,https://www.gov.pl/attachment/82b401b8-5a99-4f98-8541-8fb5203fa6af,2025-06-03,reported_actual
2024-12,44487.245,113654.539,-69167.294,PLN million,https://www.gov.pl/attachment/82b401b8-5a99-4f98-8541-8fb5203fa6af,2025-06-03,reported_actual
2025-01,47390.95,50596.519,-3205.569,PLN million,https://www.gov.pl/attachment/ea76e3d1-87c6-47b5-8c35-aae7451f9df5,2026-06-01,reported_actual
2025-02,28327.983,61463.485,-33135.501,PLN million,https://www.gov.pl/attachment/ea76e3d1-87c6-47b5-8c35-aae7451f9df5,2026-06-01,reported_actual
2025-03,42712.805,82656.216,-39943.412,PLN million,https://www.gov.pl/attachment/ea76e3d1-87c6-47b5-8c35-aae7451f9df5,2026-06-01,reported_actual
2025-04,57970.847,73108.688,-15137.841,PLN million,https://www.gov.pl/attachment/ea76e3d1-87c6-47b5-8c35-aae7451f9df5,2026-06-01,reported_actual
2025-05,46648.69,63520.675,-16871.985,PLN million,https://www.gov.pl/attachment/ea76e3d1-87c6-47b5-8c35-aae7451f9df5,2026-06-01,reported_actual
2025-06,41200.842,52602.999,-11402.156,PLN million,https://www.gov.pl/attachment/ea76e3d1-87c6-47b5-8c35-aae7451f9df5,2026-06-01,reported_actual
2025-07,49584.143,86610.951,-37026.809,PLN million,https://www.gov.pl/attachment/ea76e3d1-87c6-47b5-8c35-aae7451f9df5,2026-06-01,reported_actual
2025-08,48942.636,64238.392,-15295.756,PLN million,https://www.gov.pl/attachment/ea76e3d1-87c6-47b5-8c35-aae7451f9df5,2026-06-01,reported_actual
2025-09,52771.824,82187.186,-29415.362,PLN million,https://www.gov.pl/attachment/ea76e3d1-87c6-47b5-8c35-aae7451f9df5,2026-06-01,reported_actual
2025-10,56119.044,81774.96,-25655.916,PLN million,https://www.gov.pl/attachment/ea76e3d1-87c6-47b5-8c35-aae7451f9df5,2026-06-01,reported_actual
2025-11,54425.642,72265.76,-17840.117,PLN million,https://www.gov.pl/attachment/ea76e3d1-87c6-47b5-8c35-aae7451f9df5,2026-06-01,reported_actual
2025-12,68428.974,99164.781,-30735.809,PLN million,https://www.gov.pl/attachment/ea76e3d1-87c6-47b5-8c35-aae7451f9df5,2026-06-01,reported_actual
2026-01,55559.386,59279.205,-3719.819,PLN million,https://www.gov.pl/attachment/ebd9b857-ec5f-4575-8a0d-542ac6d63645,2026-09-07,reported_actual
2026-02,22761.484,67525.043,-44763.558,PLN million,https://www.gov.pl/attachment/ebd9b857-ec5f-4575-8a0d-542ac6d63645,2026-09-07,reported_actual
2026-03,46968.822,67941.69,-20972.869,PLN million,https://www.gov.pl/attachment/ebd9b857-ec5f-4575-8a0d-542ac6d63645,2026-09-07,reported_actual
2026-04,61710.651,81548.677,-19838.026,PLN million,https://www.gov.pl/attachment/ebd9b857-ec5f-4575-8a0d-542ac6d63645,2026-09-07,reported_actual
2026-05,46327.938,65247.886,-18919.948,PLN million,https://www.gov.pl/attachment/ebd9b857-ec5f-4575-8a0d-542ac6d63645,2026-09-07,reported_actual
2026-06,45377.639,60906.83,-15529.191,PLN million,https://www.gov.pl/attachment/ebd9b857-ec5f-4575-8a0d-542ac6d63645,2026-09-07,reported_actual
2026-07,55198.417,72518.145,-17319.728,PLN million,https://www.gov.pl/attachment/ebd9b857-ec5f-4575-8a0d-542ac6d63645,2026-09-07,reported_actual
