period,value,unit,sourceUrl,publishedAt,status
2018-01,934690.069719,PLN million,https://www.gov.pl/attachment/8df598c4-5ba8-4802-8979-8abf3656437e,,reported_actual
2018-02,952017.388918,PLN million,https://www.gov.pl/attachment/8df598c4-5ba8-4802-8979-8abf3656437e,,reported_actual
2018-03,958125.870731,PLN million,https://www.gov.pl/attachment/8df598c4-5ba8-4802-8979-8abf3656437e,,reported_actual
2018-04,948739.955315,PLN million,https://www.gov.pl/attachment/8df598c4-5ba8-4802-8979-8abf3656437e,,reported_actual
2018-05,962022.992095,PLN million,https://www.gov.pl/attachment/8df598c4-5ba8-4802-8979-8abf3656437e,,reported_actual
2018-06,955475.899412,PLN million,https://www.gov.pl/attachment/8df598c4-5ba8-4802-8979-8abf3656437e,,reported_actual
2018-07,945895.124109,PLN million,https://www.gov.pl/attachment/8df598c4-5ba8-4802-8979-8abf3656437e,,reported_actual
2018-08,948266.501868,PLN million,https://www.gov.pl/attachment/8df598c4-5ba8-4802-8979-8abf3656437e,,reported_actual
2018-09,948985.815012,PLN million,https://www.gov.pl/attachment/8df598c4-5ba8-4802-8979-8abf3656437e,,reported_actual
2018-10,959861.768234,PLN million,https://www.gov.pl/attachment/8df598c4-5ba8-4802-8979-8abf3656437e,,reported_actual
2018-11,954136.89354,PLN million,https://www.gov.pl/attachment/8df598c4-5ba8-4802-8979-8abf3656437e,,reported_actual
2018-12,954269.263783,PLN million,https://www.gov.pl/attachment/8df598c4-5ba8-4802-8979-8abf3656437e,,reported_actual
2019-01,954658.560253,PLN million,https://www.gov.pl/attachment/8df598c4-5ba8-4802-8979-8abf3656437e,,reported_actual
2019-02,963574.286464,PLN million,https://www.gov.pl/attachment/8df598c4-5ba8-4802-8979-8abf3656437e,,reported_actual
2019-03,978996.930449,PLN million,https://www.gov.pl/attachment/8df598c4-5ba8-4802-8979-8abf3656437e,,reported_actual
2019-04,978716.744257,PLN million,https://www.gov.pl/attachment/8df598c4-5ba8-4802-8979-8abf3656437e,,reported_actual
2019-05,976141.732813,PLN million,https://www.gov.pl/attachment/8df598c4-5ba8-4802-8979-8abf3656437e,,reported_actual
2019-06,975114.054402,PLN million,https://www.gov.pl/attachment/8df598c4-5ba8-4802-8979-8abf3656437e,,reported_actual
2019-07,973307.731929,PLN million,https://www.gov.pl/attachment/8df598c4-5ba8-4802-8979-8abf3656437e,,reported_actual
2019-08,977610.449546,PLN million,https://www.gov.pl/attachment/8df598c4-5ba8-4802-8979-8abf3656437e,,reported_actual
2019-09,978560.978485,PLN million,https://www.gov.pl/attachment/8df598c4-5ba8-4802-8979-8abf3656437e,,reported_actual
2019-10,960882.364934,PLN million,https://www.gov.pl/attachment/8df598c4-5ba8-4802-8979-8abf3656437e,,reported_actual
2019-11,962013.362646,PLN million,https://www.gov.pl/attachment/8df598c4-5ba8-4802-8979-8abf3656437e,,reported_actual
2019-12,973338.202435,PLN million,https://www.gov.pl/attachment/8df598c4-5ba8-4802-8979-8abf3656437e,,reported_actual
2020-01,987605.895357,PLN million,https://www.gov.pl/attachment/8df598c4-5ba8-4802-8979-8abf3656437e,,reported_actual
2020-02,997398.481361,PLN million,https://www.gov.pl/attachment/8df598c4-5ba8-4802-8979-8abf3656437e,,reported_actual
2020-03,1036444.312363,PLN million,https://www.gov.pl/attachment/8df598c4-5ba8-4802-8979-8abf3656437e,,reported_actual
2020-04,1077183.957181,PLN million,https://www.gov.pl/attachment/8df598c4-5ba8-4802-8979-8abf3656437e,,reported_actual
2020-05,1087385.815678,PLN million,https://www.gov.pl/attachment/8df598c4-5ba8-4802-8979-8abf3656437e,,reported_actual
2020-06,1088191.599925,PLN million,https://www.gov.pl/attachment/8df598c4-5ba8-4802-8979-8abf3656437e,,reported_actual
2020-07,1094346.620946,PLN million,https://www.gov.pl/attachment/8df598c4-5ba8-4802-8979-8abf3656437e,,reported_actual
2020-08,1091384.889687,PLN million,https://www.gov.pl/attachment/8df598c4-5ba8-4802-8979-8abf3656437e,,reported_actual
2020-09,1100124.871025,PLN million,https://www.gov.pl/attachment/8df598c4-5ba8-4802-8979-8abf3656437e,,reported_actual
2020-10,1103567.3414,PLN million,https://www.gov.pl/attachment/8df598c4-5ba8-4802-8979-8abf3656437e,,reported_actual
2020-11,1090187.901409,PLN million,https://www.gov.pl/attachment/8df598c4-5ba8-4802-8979-8abf3656437e,,reported_actual
2020-12,1097480.039197,PLN million,https://www.gov.pl/attachment/8df598c4-5ba8-4802-8979-8abf3656437e,,reported_actual
2021-01,1089613.302941,PLN million,https://www.gov.pl/attachment/8df598c4-5ba8-4802-8979-8abf3656437e,,reported_actual
2021-02,1122205.485524,PLN million,https://www.gov.pl/attachment/8df598c4-5ba8-4802-8979-8abf3656437e,,reported_actual
2021-03,1131762.957275,PLN million,https://www.gov.pl/attachment/8df598c4-5ba8-4802-8979-8abf3656437e,,reported_actual
2021-04,1122147.11271,PLN million,https://www.gov.pl/attachment/8df598c4-5ba8-4802-8979-8abf3656437e,,reported_actual
2021-05,1125467.587651,PLN million,https://www.gov.pl/attachment/8df598c4-5ba8-4802-8979-8abf3656437e,,reported_actual
2021-06,1133647.462658,PLN million,https://www.gov.pl/attachment/8df598c4-5ba8-4802-8979-8abf3656437e,,reported_actual
2021-07,1135089.016071,PLN million,https://www.gov.pl/attachment/8df598c4-5ba8-4802-8979-8abf3656437e,,reported_actual
2021-08,1135646.300686,PLN million,https://www.gov.pl/attachment/8df598c4-5ba8-4802-8979-8abf3656437e,,reported_actual
2021-09,1144751.580923,PLN million,https://www.gov.pl/attachment/8df598c4-5ba8-4802-8979-8abf3656437e,,reported_actual
2021-10,1126980.19938,PLN million,https://www.gov.pl/attachment/8df598c4-5ba8-4802-8979-8abf3656437e,,reported_actual
2021-11,1138121.40388,PLN million,https://www.gov.pl/attachment/8df598c4-5ba8-4802-8979-8abf3656437e,,reported_actual
2021-12,1138034.172713,PLN million,https://www.gov.pl/attachment/8df598c4-5ba8-4802-8979-8abf3656437e,,reported_actual
2022-01,1137132.457913,PLN million,https://www.gov.pl/attachment/8df598c4-5ba8-4802-8979-8abf3656437e,,reported_actual
2022-02,1144855.560314,PLN million,https://www.gov.pl/attachment/8df598c4-5ba8-4802-8979-8abf3656437e,,reported_actual
2022-03,1148171.255009,PLN million,https://www.gov.pl/attachment/8df598c4-5ba8-4802-8979-8abf3656437e,,reported_actual
2022-04,1153767.619238,PLN million,https://www.gov.pl/attachment/8df598c4-5ba8-4802-8979-8abf3656437e,,reported_actual
2022-05,1168355.017935,PLN million,https://www.gov.pl/attachment/8df598c4-5ba8-4802-8979-8abf3656437e,,reported_actual
2022-06,1198783.741518,PLN million,https://www.gov.pl/attachment/8df598c4-5ba8-4802-8979-8abf3656437e,,reported_actual
2022-07,1192004.462159,PLN million,https://www.gov.pl/attachment/8df598c4-5ba8-4802-8979-8abf3656437e,,reported_actual
2022-08,1204117.975027,PLN million,https://www.gov.pl/attachment/8df598c4-5ba8-4802-8979-8abf3656437e,,reported_actual
2022-09,1205904.547562,PLN million,https://www.gov.pl/attachment/8df598c4-5ba8-4802-8979-8abf3656437e,,reported_actual
2022-10,1209461.090387,PLN million,https://www.gov.pl/attachment/8df598c4-5ba8-4802-8979-8abf3656437e,,reported_actual
2022-11,1210844.940012,PLN million,https://www.gov.pl/attachment/8df598c4-5ba8-4802-8979-8abf3656437e,,reported_actual
2022-12,1238470.476851,PLN million,https://www.gov.pl/attachment/8df598c4-5ba8-4802-8979-8abf3656437e,,reported_actual
2023-01,1205870.262655,PLN million,https://www.gov.pl/attachment/8df598c4-5ba8-4802-8979-8abf3656437e,,reported_actual
2023-02,1234332.764782,PLN million,https://www.gov.pl/attachment/8df598c4-5ba8-4802-8979-8abf3656437e,,reported_actual
2023-03,1240853.622229,PLN million,https://www.gov.pl/attachment/8df598c4-5ba8-4802-8979-8abf3656437e,,reported_actual
2023-04,1256204.823868,PLN million,https://www.gov.pl/attachment/8df598c4-5ba8-4802-8979-8abf3656437e,,reported_actual
2023-05,1266579.528908,PLN million,https://www.gov.pl/attachment/8df598c4-5ba8-4802-8979-8abf3656437e,,reported_actual
2023-06,1277476.143739,PLN million,https://www.gov.pl/attachment/8df598c4-5ba8-4802-8979-8abf3656437e,,reported_actual
2023-07,1271360.013645,PLN million,https://www.gov.pl/attachment/8df598c4-5ba8-4802-8979-8abf3656437e,,reported_actual
2023-08,1278076.648236,PLN million,https://www.gov.pl/attachment/8df598c4-5ba8-4802-8979-8abf3656437e,,reported_actual
2023-09,1306127.322143,PLN million,https://www.gov.pl/attachment/8df598c4-5ba8-4802-8979-8abf3656437e,,reported_actual
2023-10,1297015.168947,PLN million,https://www.gov.pl/attachment/8df598c4-5ba8-4802-8979-8abf3656437e,,reported_actual
2023-11,1309350.753386,PLN million,https://www.gov.pl/attachment/8df598c4-5ba8-4802-8979-8abf3656437e,,reported_actual
2023-12,1346200.856546,PLN million,https://www.gov.pl/attachment/8df598c4-5ba8-4802-8979-8abf3656437e,,reported_actual
2024-01,1364988.687916,PLN million,https://www.gov.pl/attachment/8df598c4-5ba8-4802-8979-8abf3656437e,,reported_actual
2024-02,1383019.505455,PLN million,https://www.gov.pl/attachment/8df598c4-5ba8-4802-8979-8abf3656437e,,reported_actual
2024-03,1430341.821724,PLN million,https://www.gov.pl/attachment/8df598c4-5ba8-4802-8979-8abf3656437e,,reported_actual
2024-04,1445547.564554,PLN million,https://www.gov.pl/attachment/8df598c4-5ba8-4802-8979-8abf3656437e,,reported_actual
2024-05,1449227.648138,PLN million,https://www.gov.pl/attachment/8df598c4-5ba8-4802-8979-8abf3656437e,,reported_actual
2024-06,1475039.220159,PLN million,https://www.gov.pl/attachment/8df598c4-5ba8-4802-8979-8abf3656437e,,reported_actual
2024-07,1476771.674464,PLN million,https://www.gov.pl/attachment/8df598c4-5ba8-4802-8979-8abf3656437e,,reported_actual
2024-08,1492694.689432,PLN million,https://www.gov.pl/attachment/8df598c4-5ba8-4802-8979-8abf3656437e,,reported_actual
2024-09,1516496.318246,PLN million,https://www.gov.pl/attachment/8df598c4-5ba8-4802-8979-8abf3656437e,,reported_actual
2024-10,1537035.053022,PLN million,https://www.gov.pl/attachment/8df598c4-5ba8-4802-8979-8abf3656437e,,reported_actual
2024-11,1568552.584687,PLN million,https://www.gov.pl/attachment/8df598c4-5ba8-4802-8979-8abf3656437e,,reported_actual
2024-12,1629339.92269,PLN million,https://www.gov.pl/attachment/8df598c4-5ba8-4802-8979-8abf3656437e,,reported_actual
2025-01,1657287.889492,PLN million,https://www.gov.pl/attachment/8df598c4-5ba8-4802-8979-8abf3656437e,,reported_actual
2025-02,1709630.558209,PLN million,https://www.gov.pl/attachment/8df598c4-5ba8-4802-8979-8abf3656437e,,reported_actual
2025-03,1740639.535553,PLN million,https://www.gov.pl/attachment/8df598c4-5ba8-4802-8979-8abf3656437e,,reported_actual
2025-04,1750445.122746,PLN million,https://www.gov.pl/attachment/8df598c4-5ba8-4802-8979-8abf3656437e,,reported_actual
2025-05,1772500.387563,PLN million,https://www.gov.pl/attachment/8df598c4-5ba8-4802-8979-8abf3656437e,,reported_actual
2025-06,1802104.761097,PLN million,https://www.gov.pl/attachment/8df598c4-5ba8-4802-8979-8abf3656437e,,reported_actual
2025-07,1832369.032817,PLN million,https://www.gov.pl/attachment/8df598c4-5ba8-4802-8979-8abf3656437e,,reported_actual
2025-08,1852962.767625,PLN million,https://www.gov.pl/attachment/8df598c4-5ba8-4802-8979-8abf3656437e,,reported_actual
2025-09,1868603.884684,PLN million,https://www.gov.pl/attachment/8df598c4-5ba8-4802-8979-8abf3656437e,,reported_actual
2025-10,1894102.444687,PLN million,https://www.gov.pl/attachment/8df598c4-5ba8-4802-8979-8abf3656437e,,reported_actual
2025-11,1908835.192175,PLN million,https://www.gov.pl/attachment/8df598c4-5ba8-4802-8979-8abf3656437e,,reported_actual
2025-12,1951939.76393,PLN million,https://www.gov.pl/attachment/8df598c4-5ba8-4802-8979-8abf3656437e,,reported_actual
2026-01,1998319.849414,PLN million,https://www.gov.pl/attachment/8df598c4-5ba8-4802-8979-8abf3656437e,,reported_actual
2026-02,2037497.39367,PLN million,https://www.gov.pl/attachment/8df598c4-5ba8-4802-8979-8abf3656437e,,reported_actual
2026-03,2050713.70551,PLN million,https://www.gov.pl/attachment/8df598c4-5ba8-4802-8979-8abf3656437e,,reported_actual
2026-04,2088843.584224,PLN million,https://www.gov.pl/attachment/8df598c4-5ba8-4802-8979-8abf3656437e,,reported_actual
2026-05,2135611.008247,PLN million,https://www.gov.pl/attachment/8df598c4-5ba8-4802-8979-8abf3656437e,,reported_actual
2026-06,2191476.656137,PLN million,https://www.gov.pl/attachment/8df598c4-5ba8-4802-8979-8abf3656437e,,reported_actual
2026-07,2213110.703857,PLN million,https://www.gov.pl/attachment/8df598c4-5ba8-4802-8979-8abf3656437e,,reported_actual
