period,total,grants,benefits,operations,capital,debtService,euContribution,euProjects,sourceDifference,unit,sourceUrl,publishedAt,sourceFileDate,status
2018-01,26629.004662,16149.081808,2008.420276,4014.724433,188.151628,3619.801871,245.517109,403.307537,,PLN million,https://www.gov.pl/attachment/5fb9b501-2c56-4495-8df1-89f8e8c92f76,,2019-06-11,reported_actual
2018-02,57559.540073,34538.620652,4097.352467,10486.079035,619.784394,4016.566687,2783.743498,1017.393341,,PLN million,https://www.gov.pl/attachment/5fb9b501-2c56-4495-8df1-89f8e8c92f76,,2019-06-11,reported_actual
2018-03,85341.535464,50149.767181,6289.373092,16683.757045,1045.413313,5129.564173,4409.325055,1634.335605,,PLN million,https://www.gov.pl/attachment/5fb9b501-2c56-4495-8df1-89f8e8c92f76,,2019-06-11,reported_actual
2018-04,115837.084797,66849.365015,8348.224748,22123.617098,1928.116749,8539.059059,5901.721917,2146.98021,,PLN million,https://www.gov.pl/attachment/5fb9b501-2c56-4495-8df1-89f8e8c92f76,,2019-06-11,reported_actual
2018-05,144423.242823,82862.609412,10380.642502,27291.66994,3103.560259,11061.720978,7124.573571,2598.466162,,PLN million,https://www.gov.pl/attachment/5fb9b501-2c56-4495-8df1-89f8e8c92f76,,2019-06-11,reported_actual
2018-06,172472.28287,98735.035227,12575.434784,32501.507746,3740.871709,13661.811797,8113.605273,3144.016335,,PLN million,https://www.gov.pl/attachment/5fb9b501-2c56-4495-8df1-89f8e8c92f76,,2019-06-11,reported_actual
2018-07,213013.111586,116607.109494,14784.343979,38037.69499,5093.926758,25323.286419,9579.722397,3587.027548,,PLN million,https://www.gov.pl/attachment/5fb9b501-2c56-4495-8df1-89f8e8c92f76,,2019-06-11,reported_actual
2018-08,242408.05622,132957.026713,17024.232612,43388.071488,6687.925489,25710.634626,12518.428888,4121.736404,,PLN million,https://www.gov.pl/attachment/5fb9b501-2c56-4495-8df1-89f8e8c92f76,,2019-06-11,reported_actual
2018-09,269678.435078,149899.195218,19361.936662,48688.930913,7961.03916,26441.396251,12770.13436,4555.802515,,PLN million,https://www.gov.pl/attachment/5fb9b501-2c56-4495-8df1-89f8e8c92f76,,2019-06-11,reported_actual
2018-10,302937.688947,169358.304595,21532.903517,54730.846061,9650.595147,28058.876844,14436.242842,5169.91994,,PLN million,https://www.gov.pl/attachment/5fb9b501-2c56-4495-8df1-89f8e8c92f76,,2019-06-11,reported_actual
2018-11,332334.756932,185681.033651,23626.918541,60960.919031,11413.908753,28721.450728,16093.689445,5836.836782,,PLN million,https://www.gov.pl/attachment/5fb9b501-2c56-4495-8df1-89f8e8c92f76,,2019-06-11,reported_actual
2018-12,390454.347,211287.236452,25810.66931,72065.224375,26494.278216,29486.21742,18660.769719,6649.951682,,PLN million,https://www.gov.pl/attachment/5fb9b501-2c56-4495-8df1-89f8e8c92f76,,2019-06-11,reported_actual
2019-01,32149.648837,18713.797051,2152.903655,4354.256662,390.825236,4218.826905,1810.114113,508.925214,,PLN million,https://www.gov.pl/attachment/46d2ec6b-d531-4e51-84d9-77ed62ff8f3f,,2020-06-04,reported_actual
2019-02,65570.214102,36784.247799,4393.994387,11318.593129,916.03802,4929.443944,6154.077427,1073.819395,,PLN million,https://www.gov.pl/attachment/46d2ec6b-d531-4e51-84d9-77ed62ff8f3f,,2020-06-04,reported_actual
2019-03,94776.282168,52697.223137,6713.761134,17954.169304,1758.347178,6126.942375,7957.372213,1568.466828,,PLN million,https://www.gov.pl/attachment/46d2ec6b-d531-4e51-84d9-77ed62ff8f3f,,2020-06-04,reported_actual
2019-04,130040.803,71661.34563,9083.468553,24177.70699,2397.754198,11303.585165,9323.327641,2093.614939,,PLN million,https://www.gov.pl/attachment/46d2ec6b-d531-4e51-84d9-77ed62ff8f3f,,2020-06-04,reported_actual
2019-05,164800.901,93948.656037,11953.762582,29950.127246,3019.696,12814.616057,10524.896021,2589.147101,,PLN million,https://www.gov.pl/attachment/46d2ec6b-d531-4e51-84d9-77ed62ff8f3f,,2020-06-04,reported_actual
2019-06,197217.551,112915.459847,14406.315202,35755.749198,4250.553,14249.356153,12521.35791,3118.759558,,PLN million,https://www.gov.pl/attachment/46d2ec6b-d531-4e51-84d9-77ed62ff8f3f,,2020-06-04,reported_actual
2019-07,233548.799,131856.680004,16846.399923,41931.480704,5466.922281,19596.235857,14290.829032,3560.251692,,PLN million,https://www.gov.pl/attachment/46d2ec6b-d531-4e51-84d9-77ed62ff8f3f,,2020-06-04,reported_actual
2019-08,264824.688,151518.088641,19214.425696,47749.842982,6098.867535,20128.786932,16068.419954,4046.256759,,PLN million,https://www.gov.pl/attachment/46d2ec6b-d531-4e51-84d9-77ed62ff8f3f,,2020-06-04,reported_actual
2019-09,297814.203,171007.846988,21614.869685,53636.971925,7319.321898,21815.392828,17894.877799,4524.921497,,PLN million,https://www.gov.pl/attachment/46d2ec6b-d531-4e51-84d9-77ed62ff8f3f,,2020-06-04,reported_actual
2019-10,336083.992,193070.091657,23871.049371,60317.951659,8756.799293,24953.09639,19711.986004,5403.017306,,PLN million,https://www.gov.pl/attachment/46d2ec6b-d531-4e51-84d9-77ed62ff8f3f,,2020-06-04,reported_actual
2019-11,368989.937,212245.126172,26063.942707,66974.529658,10741.544405,26413.986211,20603.125114,5947.683114,,PLN million,https://www.gov.pl/attachment/46d2ec6b-d531-4e51-84d9-77ed62ff8f3f,,2020-06-04,reported_actual
2019-12,414273.014,233329.13559,28364.687061,78197.306329,18610.437468,27336.009369,21719.914608,6714.37043,1.153145,PLN million,https://www.gov.pl/attachment/46d2ec6b-d531-4e51-84d9-77ed62ff8f3f,,2020-06-04,reported_actual
2020-01,36844.986,21501.511481,2058.382849,4973.834719,564.391226,3637.611105,3547.050169,562.204724,,PLN million,https://www.gov.pl/attachment/43c8b761-8a8d-433b-9781-31f7fe935ccc,,2021-06-08,reported_actual
2020-02,73245.089,43030.328353,4071.288181,12571.047469,2052.471895,4542.075832,5739.182921,1238.693899,,PLN million,https://www.gov.pl/attachment/43c8b761-8a8d-433b-9781-31f7fe935ccc,,2021-06-08,reported_actual
2020-03,105552.646,61934.67155,6278.029959,19695.850402,2823.955261,5822.827123,7022.972606,1974.338867,,PLN million,https://www.gov.pl/attachment/43c8b761-8a8d-433b-9781-31f7fe935ccc,,2021-06-08,reported_actual
2020-04,148522.814,86267.084105,8787.76206,26628.750436,3974.662474,11258.891875,8967.316183,2638.346793,,PLN million,https://www.gov.pl/attachment/43c8b761-8a8d-433b-9781-31f7fe935ccc,,2021-06-08,reported_actual
2020-05,182951.414,106977.261214,10882.13566,32716.639759,4718.172588,12556.87344,11712.421185,3387.909762,,PLN million,https://www.gov.pl/attachment/43c8b761-8a8d-433b-9781-31f7fe935ccc,,2021-06-08,reported_actual
2020-06,214512.294,126102.592346,13140.085147,38895.918362,5930.007289,13111.39863,13261.553328,4070.738996,,PLN million,https://www.gov.pl/attachment/43c8b761-8a8d-433b-9781-31f7fe935ccc,,2021-06-08,reported_actual
2020-07,252101.391,146241.965919,15424.973466,45598.472095,7264.497924,18338.798222,14531.419874,4701.263512,,PLN million,https://www.gov.pl/attachment/43c8b761-8a8d-433b-9781-31f7fe935ccc,,2021-06-08,reported_actual
2020-08,282208.426,164671.58063,17665.207312,51900.679869,8256.364437,18799.912626,15532.75731,5381.923489,,PLN million,https://www.gov.pl/attachment/43c8b761-8a8d-433b-9781-31f7fe935ccc,,2021-06-08,reported_actual
2020-09,318266.374,186154.724401,19937.597205,58204.891311,9999.161531,20776.377514,17136.516564,6057.10582,,PLN million,https://www.gov.pl/attachment/43c8b761-8a8d-433b-9781-31f7fe935ccc,,2021-06-08,reported_actual
2020-10,356042.934,205720.903602,22023.534533,65106.878624,11581.353052,25953.941785,19052.643099,6603.679334,,PLN million,https://www.gov.pl/attachment/43c8b761-8a8d-433b-9781-31f7fe935ccc,,2021-06-08,reported_actual
2020-11,395692.416,223105.898792,24190.833072,72280.059243,17613.62312,27821.99968,22681.619148,7998.383114,,PLN million,https://www.gov.pl/attachment/43c8b761-8a8d-433b-9781-31f7fe935ccc,,2021-06-08,reported_actual
2020-12,504776.148,295768.308897,26413.009667,85437.524863,33395.622169,29300.232625,24827.509656,9633.939801,,PLN million,https://www.gov.pl/attachment/43c8b761-8a8d-433b-9781-31f7fe935ccc,,2021-06-08,reported_actual
2021-01,34010.719,19492.990785,2092.153905,5184.555476,316.466146,3236.700828,3143.462297,544.389205,,PLN million,https://www.gov.pl/attachment/acd45f09-cc58-441e-aab7-923929635fa5,,2022-05-31,reported_actual
2021-02,70220.863,39111.514134,4244.251419,13518.990866,753.946115,3836.168333,7559.663828,1196.328686,,PLN million,https://www.gov.pl/attachment/acd45f09-cc58-441e-aab7-923929635fa5,,2022-05-31,reported_actual
2021-03,104474.949,58196.588029,6665.345644,21087.605561,2009.672961,5450.005672,9220.670066,1845.060904,,PLN million,https://www.gov.pl/attachment/acd45f09-cc58-441e-aab7-923929635fa5,,2022-05-31,reported_actual
2021-04,137907.798,75236.14492,9265.233056,27767.023638,2625.65071,9423.137434,11118.560396,2472.048033,,PLN million,https://www.gov.pl/attachment/acd45f09-cc58-441e-aab7-923929635fa5,,2022-05-31,reported_actual
2021-05,172128.605,96365.141249,11463.724392,34340.783632,3430.216923,10116.669784,13249.487246,3162.581651,,PLN million,https://www.gov.pl/attachment/acd45f09-cc58-441e-aab7-923929635fa5,,2022-05-31,reported_actual
2021-06,205979.637,116506.81153,13771.205475,40998.941234,4635.195338,10797.797373,15446.983633,3822.702322,,PLN million,https://www.gov.pl/attachment/acd45f09-cc58-441e-aab7-923929635fa5,,2022-05-31,reported_actual
2021-07,242829.948,136339.340109,16391.919352,47630.724413,5763.391023,15560.118657,16793.406622,4351.047607,,PLN million,https://www.gov.pl/attachment/acd45f09-cc58-441e-aab7-923929635fa5,,2022-05-31,reported_actual
2021-08,276736.273,156491.010215,19421.992503,54338.793761,6711.559982,15986.684184,18873.329194,4912.902952,,PLN million,https://www.gov.pl/attachment/acd45f09-cc58-441e-aab7-923929635fa5,,2022-05-31,reported_actual
2021-09,312491.371,177340.514223,21971.470251,61097.521111,8257.139704,17162.014384,21152.910211,5509.801183,,PLN million,https://www.gov.pl/attachment/acd45f09-cc58-441e-aab7-923929635fa5,,2022-05-31,reported_actual
2021-10,353777.367,198553.735911,24163.89433,68340.011469,9724.258326,22639.982302,23734.197892,6621.286497,,PLN million,https://www.gov.pl/attachment/acd45f09-cc58-441e-aab7-923929635fa5,,2022-05-31,reported_actual
2021-11,401063.049,221572.541881,26560.761189,76302.185542,18146.091953,24778.367452,26094.748974,7608.351778,,PLN million,https://www.gov.pl/attachment/acd45f09-cc58-441e-aab7-923929635fa5,,2022-05-31,reported_actual
2021-12,521216.817,290808.66776,28987.570835,92370.614625,42041.180181,25957.657894,32230.378296,8820.747189,,PLN million,https://www.gov.pl/attachment/acd45f09-cc58-441e-aab7-923929635fa5,,2022-05-31,reported_actual
2022-01,36448.95,21617.568685,2195.585465,5667.902917,311.933994,3235.754946,2761.068896,659.135249,,PLN million,https://www.gov.pl/attachment/848524d8-4af1-49b7-a304-14199eccfc70,,2023-06-05,reported_actual
2022-02,80350.891577,48865.200286,4939.107213,14300.549775,816.968633,3883.578397,6158.15015,1387.337123,,PLN million,https://www.gov.pl/attachment/848524d8-4af1-49b7-a304-14199eccfc70,,2023-06-05,reported_actual
2022-03,120360.433,71927.003161,8127.811114,22977.666313,2016.748998,5027.21011,8186.117072,2097.87576,,PLN million,https://www.gov.pl/attachment/848524d8-4af1-49b7-a304-14199eccfc70,,2023-06-05,reported_actual
2022-04,158849.425,92065.863942,11399.019024,30791.555628,2911.073189,7984.413723,10889.396379,2808.103259,,PLN million,https://www.gov.pl/attachment/848524d8-4af1-49b7-a304-14199eccfc70,,2023-06-05,reported_actual
2022-05,197910.65,113295.660749,14249.090332,38314.733932,3965.852038,10962.079047,13710.58569,3412.648475,,PLN million,https://www.gov.pl/attachment/848524d8-4af1-49b7-a304-14199eccfc70,,2023-06-05,reported_actual
2022-06,235893.326,131636.735056,20503.400377,45733.836079,5721.973395,11707.748293,16436.220713,4153.412258,,PLN million,https://www.gov.pl/attachment/848524d8-4af1-49b7-a304-14199eccfc70,,2023-06-05,reported_actual
2022-07,278631.550508,149839.014287,27163.407433,53264.767003,7123.466129,17294.767128,19207.612595,4738.515932,,PLN million,https://www.gov.pl/attachment/848524d8-4af1-49b7-a304-14199eccfc70,,2023-06-05,reported_actual
2022-08,317579.96,168621.646641,33838.981738,60699.068526,8493.154181,18544.458715,21998.770697,5383.879802,,PLN million,https://www.gov.pl/attachment/848524d8-4af1-49b7-a304-14199eccfc70,,2023-06-05,reported_actual
2022-09,355676.066,184659.265628,40886.719608,68499.658568,10026.248362,20440.576069,24749.549628,6414.048129,,PLN million,https://www.gov.pl/attachment/848524d8-4af1-49b7-a304-14199eccfc70,,2023-06-05,reported_actual
2022-10,398701.312,203880.862356,47038.692905,76759.088327,12474.362149,24027.953633,27123.468618,7396.884321,,PLN million,https://www.gov.pl/attachment/848524d8-4af1-49b7-a304-14199eccfc70,,2023-06-05,reported_actual
2022-11,446252.367,223784.536703,52707.892076,85302.892866,14643.096475,31492.840406,29933.166777,8387.941644,,PLN million,https://www.gov.pl/attachment/848524d8-4af1-49b7-a304-14199eccfc70,,2023-06-05,reported_actual
2022-12,517398.907,256142.772289,58951.753549,100295.632149,25238.003546,32718.271061,34293.904719,9758.569671,,PLN million,https://www.gov.pl/attachment/848524d8-4af1-49b7-a304-14199eccfc70,,2023-06-05,reported_actual
2023-01,43310.336,21455.474804,6068.013234,6800.774791,782.731974,5296.961038,2249.393552,656.987022,,PLN million,https://www.gov.pl/attachment/e38d72d2-4d8e-454d-bbdd-1cae56afab4a,,2024-06-04,reported_actual
2023-02,93187.513,45071.088383,12398.094715,17702.564546,4369.728925,6488.403021,5648.633545,1508.999837,,PLN million,https://www.gov.pl/attachment/e38d72d2-4d8e-454d-bbdd-1cae56afab4a,,2024-06-04,reported_actual
2023-03,136719.553,64511.337541,19552.15901,27767.059371,8140.639013,8172.812513,6080.235186,2495.310562,,PLN million,https://www.gov.pl/attachment/e38d72d2-4d8e-454d-bbdd-1cae56afab4a,,2024-06-04,reported_actual
2023-04,183678.793,84795.361125,26600.160168,37023.819104,10263.648733,12799.907941,8698.182759,3497.713461,,PLN million,https://www.gov.pl/attachment/e38d72d2-4d8e-454d-bbdd-1cae56afab4a,,2024-06-04,reported_actual
2023-05,237207.643,105064.045863,32843.058628,45655.627422,14416.292248,23700.254631,11298.123878,4230.239877,,PLN million,https://www.gov.pl/attachment/e38d72d2-4d8e-454d-bbdd-1cae56afab4a,,2024-06-04,reported_actual
2023-06,283288.513,128198.931831,39587.644463,54045.958945,17181.302481,25174.318416,14135.733531,4964.623449,,PLN million,https://www.gov.pl/attachment/e38d72d2-4d8e-454d-bbdd-1cae56afab4a,,2024-06-04,reported_actual
2023-07,337103.26,150180.235529,46385.524328,63190.211168,20110.432528,34676.992025,17002.485722,5557.37884,,PLN million,https://www.gov.pl/attachment/e38d72d2-4d8e-454d-bbdd-1cae56afab4a,,2024-06-04,reported_actual
2023-08,390369.73,177993.190846,54271.406989,72982.363927,23102.049325,36248.533802,19517.587248,6254.597619,,PLN million,https://www.gov.pl/attachment/e38d72d2-4d8e-454d-bbdd-1cae56afab4a,,2024-06-04,reported_actual
2023-09,452682.577,209268.815403,61553.98618,82562.415588,31825.847718,37834.279778,22298.053647,7339.178224,,PLN million,https://www.gov.pl/attachment/e38d72d2-4d8e-454d-bbdd-1cae56afab4a,,2024-06-04,reported_actual
2023-10,511812.331,236318.239829,68249.84604,92791.546611,35764.997849,45050.534718,25105.99928,8531.166792,,PLN million,https://www.gov.pl/attachment/e38d72d2-4d8e-454d-bbdd-1cae56afab4a,,2024-06-04,reported_actual
2023-11,572973.686,261769.538657,74760.32956,103258.129796,40485.515763,54978.680875,27911.061335,9810.4298,,PLN million,https://www.gov.pl/attachment/e38d72d2-4d8e-454d-bbdd-1cae56afab4a,,2024-06-04,reported_actual
2023-12,659586.491,292774.361041,81294.034692,122469.272184,59087.409239,61710.339058,30313.619627,11937.455135,,PLN million,https://www.gov.pl/attachment/e38d72d2-4d8e-454d-bbdd-1cae56afab4a,,2024-06-04,reported_actual
2024-01,47826.002317,24988.112364,8624.786904,7623.018311,735.048951,3540.825717,1844.934998,469.275071,,PLN million,https://www.gov.pl/attachment/82b401b8-5a99-4f98-8541-8fb5203fa6af,,2025-06-03,reported_actual
2024-02,111867.397,57326.955953,18041.174346,20828.658971,4610.305771,5649.705306,4420.547005,990.050144,,PLN million,https://www.gov.pl/attachment/82b401b8-5a99-4f98-8541-8fb5203fa6af,,2025-06-03,reported_actual
2024-03,170952.423,84943.764159,28871.634187,33053.775862,6085.418764,7239.787324,9070.643479,1687.398953,,PLN million,https://www.gov.pl/attachment/82b401b8-5a99-4f98-8541-8fb5203fa6af,,2025-06-03,reported_actual
2024-04,254003.753,115635.641121,55561.047646,44301.917416,10975.382842,13838.336219,11317.586174,2373.841176,,PLN million,https://www.gov.pl/attachment/82b401b8-5a99-4f98-8541-8fb5203fa6af,,2025-06-03,reported_actual
2024-05,314154.233,142054.609908,63091.867906,55045.692363,12682.50626,24570.390296,13569.937575,3139.228928,,PLN million,https://www.gov.pl/attachment/82b401b8-5a99-4f98-8541-8fb5203fa6af,,2025-06-03,reported_actual
2024-06,373786.582,171597.754919,71398.374943,65470.777521,18535.593607,26649.762805,16234.102848,3900.215332,,PLN million,https://www.gov.pl/attachment/82b401b8-5a99-4f98-8541-8fb5203fa6af,,2025-06-03,reported_actual
2024-07,439271.339,201063.704575,81842.037354,76450.727113,20878.773777,35796.620514,18735.004757,4504.470919,,PLN million,https://www.gov.pl/attachment/82b401b8-5a99-4f98-8541-8fb5203fa6af,,2025-06-03,reported_actual
2024-08,498010.721,227445.586328,93594.477471,87168.433616,25938.891027,37461.442501,21250.429736,5151.460373,,PLN million,https://www.gov.pl/attachment/82b401b8-5a99-4f98-8541-8fb5203fa6af,,2025-06-03,reported_actual
2024-09,567481.107,257499.756532,113157.177171,98042.946148,29725.155776,39578.519529,23854.170385,5623.381367,,PLN million,https://www.gov.pl/attachment/82b401b8-5a99-4f98-8541-8fb5203fa6af,,2025-06-03,reported_actual
2024-10,649310.297,293345.465908,123965.120527,109662.02653,37704.557636,50970.816179,26495.047071,7167.262989,,PLN million,https://www.gov.pl/attachment/82b401b8-5a99-4f98-8541-8fb5203fa6af,,2025-06-03,reported_actual
2024-11,720587.971,321826.66709,133066.429404,121531.041237,43201.621696,63355.803643,29141.108013,8465.299831,,PLN million,https://www.gov.pl/attachment/82b401b8-5a99-4f98-8541-8fb5203fa6af,,2025-06-03,reported_actual
2024-12,834242.51,366475.021693,142732.165785,144618.97322,71896.302855,65791.191028,33197.979215,9530.875841,,PLN million,https://www.gov.pl/attachment/82b401b8-5a99-4f98-8541-8fb5203fa6af,,2025-06-03,reported_actual
2025-01,50596.519,22159.359601,10332.323099,8963.666935,1423.674049,4088.408788,2931.591518,697.495194,,PLN million,https://www.gov.pl/attachment/ea76e3d1-87c6-47b5-8c35-aae7451f9df5,,2026-06-01,reported_actual
2025-02,112060.004,46800.974882,20367.847803,23820.370382,6980.3162,6563.587418,5831.472247,1695.434886,,PLN million,https://www.gov.pl/attachment/ea76e3d1-87c6-47b5-8c35-aae7451f9df5,,2026-06-01,reported_actual
2025-03,194716.22,94963.932827,31806.831491,37293.319924,9025.958657,9607.270942,9615.65562,2403.250104,,PLN million,https://www.gov.pl/attachment/ea76e3d1-87c6-47b5-8c35-aae7451f9df5,,2026-06-01,reported_actual
2025-04,267824.908,115655.05302,60191.374051,49828.685085,11774.513528,14659.603935,12547.888932,3167.789602,,PLN million,https://www.gov.pl/attachment/ea76e3d1-87c6-47b5-8c35-aae7451f9df5,,2026-06-01,reported_actual
2025-05,331345.583,141328.377707,69859.491954,61322.897065,15007.284902,24393.877765,15544.488572,3889.164946,,PLN million,https://www.gov.pl/attachment/ea76e3d1-87c6-47b5-8c35-aae7451f9df5,,2026-06-01,reported_actual
2025-06,383948.582,164576.273011,79553.090541,73155.771304,18293.831688,26138.510695,17670.161386,4560.943085,,PLN million,https://www.gov.pl/attachment/ea76e3d1-87c6-47b5-8c35-aae7451f9df5,,2026-06-01,reported_actual
2025-07,470559.533,206981.313005,91158.298911,85541.813829,21975.845746,39023.325377,20557.766692,5321.169862,,PLN million,https://www.gov.pl/attachment/ea76e3d1-87c6-47b5-8c35-aae7451f9df5,,2026-06-01,reported_actual
2025-08,534797.925,232997.235137,102784.232628,97232.930747,30822.860205,41607.342242,23331.518318,6021.805797,,PLN million,https://www.gov.pl/attachment/ea76e3d1-87c6-47b5-8c35-aae7451f9df5,,2026-06-01,reported_actual
2025-09,616985.111,270197.598942,123666.987894,109125.601491,35014.759169,45752.142562,26280.32629,6947.694562,,PLN million,https://www.gov.pl/attachment/ea76e3d1-87c6-47b5-8c35-aae7451f9df5,,2026-06-01,reported_actual
2025-10,698760.071,303010.5351,134616.058287,121828.09847,42070.069278,59715.779531,29242.201798,8277.328706,,PLN million,https://www.gov.pl/attachment/ea76e3d1-87c6-47b5-8c35-aae7451f9df5,,2026-06-01,reported_actual
2025-11,771025.831,331925.781778,144321.42748,134908.640449,49835.626892,68202.930648,32289.404073,9542.019575,,PLN million,https://www.gov.pl/attachment/ea76e3d1-87c6-47b5-8c35-aae7451f9df5,,2026-06-01,reported_actual
2025-12,870190.612,358974.358515,155951.76996,161036.538615,75294.180509,72828.287758,35287.728815,10817.748038,,PLN million,https://www.gov.pl/attachment/ea76e3d1-87c6-47b5-8c35-aae7451f9df5,,2026-06-01,reported_actual
2026-01,59279.205,25212.191508,10772.336982,9732.609347,981.145255,8163.525559,3509.320774,908.076033,,PLN million,https://www.gov.pl/attachment/ebd9b857-ec5f-4575-8a0d-542ac6d63645,,2026-09-07,reported_actual
2026-02,126804.248,52429.89217,21474.637531,25496.267155,6431.777227,11528.047076,7692.502284,1751.124197,,PLN million,https://www.gov.pl/attachment/ebd9b857-ec5f-4575-8a0d-542ac6d63645,,2026-09-07,reported_actual
2026-03,194745.938,80296.835977,36874.290316,40054.370336,9768.035232,15273.276098,9960.40558,2518.724568,,PLN million,https://www.gov.pl/attachment/ebd9b857-ec5f-4575-8a0d-542ac6d63645,,2026-09-07,reported_actual
2026-04,276294.615,105588.482833,63723.33908,53128.889485,13935.106203,23505.898511,13239.159679,3173.73964,,PLN million,https://www.gov.pl/attachment/ebd9b857-ec5f-4575-8a0d-542ac6d63645,,2026-09-07,reported_actual
2026-05,341542.501,133238.925672,73796.60844,65368.928181,16990.773729,31629.147746,16565.476468,3952.64082,,PLN million,https://www.gov.pl/attachment/ebd9b857-ec5f-4575-8a0d-542ac6d63645,,2026-09-07,reported_actual
2026-06,402449.331,160600.03987,84576.235231,77810.289683,21288.79439,33690.561242,19840.16924,4643.240898,,PLN million,https://www.gov.pl/attachment/ebd9b857-ec5f-4575-8a0d-542ac6d63645,,2026-09-07,reported_actual
2026-07,474967.476,186688.892708,97057.602029,90561.646535,25341.906779,46599.767453,23402.50026,5315.160691,,PLN million,https://www.gov.pl/attachment/ebd9b857-ec5f-4575-8a0d-542ac6d63645,,2026-09-07,reported_actual
