period,total,unit,sourceUrl,publishedAt,sourceFileDate,status
2018-01,26629.004662,PLN million,https://www.gov.pl/attachment/5fb9b501-2c56-4495-8df1-89f8e8c92f76,,2019-06-11,reported_actual
2018-02,30930.535411,PLN million,https://www.gov.pl/attachment/5fb9b501-2c56-4495-8df1-89f8e8c92f76,,2019-06-11,reported_actual
2018-03,27781.995391,PLN million,https://www.gov.pl/attachment/5fb9b501-2c56-4495-8df1-89f8e8c92f76,,2019-06-11,reported_actual
2018-04,30495.549333,PLN million,https://www.gov.pl/attachment/5fb9b501-2c56-4495-8df1-89f8e8c92f76,,2019-06-11,reported_actual
2018-05,28586.158026,PLN million,https://www.gov.pl/attachment/5fb9b501-2c56-4495-8df1-89f8e8c92f76,,2019-06-11,reported_actual
2018-06,28049.040047,PLN million,https://www.gov.pl/attachment/5fb9b501-2c56-4495-8df1-89f8e8c92f76,,2019-06-11,reported_actual
2018-07,40540.828716,PLN million,https://www.gov.pl/attachment/5fb9b501-2c56-4495-8df1-89f8e8c92f76,,2019-06-11,reported_actual
2018-08,29394.944634,PLN million,https://www.gov.pl/attachment/5fb9b501-2c56-4495-8df1-89f8e8c92f76,,2019-06-11,reported_actual
2018-09,27270.378858,PLN million,https://www.gov.pl/attachment/5fb9b501-2c56-4495-8df1-89f8e8c92f76,,2019-06-11,reported_actual
2018-10,33259.253869,PLN million,https://www.gov.pl/attachment/5fb9b501-2c56-4495-8df1-89f8e8c92f76,,2019-06-11,reported_actual
2018-11,29397.067985,PLN million,https://www.gov.pl/attachment/5fb9b501-2c56-4495-8df1-89f8e8c92f76,,2019-06-11,reported_actual
2018-12,58119.590068,PLN million,https://www.gov.pl/attachment/5fb9b501-2c56-4495-8df1-89f8e8c92f76,,2019-06-11,reported_actual
2019-01,32149.648837,PLN million,https://www.gov.pl/attachment/46d2ec6b-d531-4e51-84d9-77ed62ff8f3f,,2020-06-04,reported_actual
2019-02,33420.565265,PLN million,https://www.gov.pl/attachment/46d2ec6b-d531-4e51-84d9-77ed62ff8f3f,,2020-06-04,reported_actual
2019-03,29206.068066,PLN million,https://www.gov.pl/attachment/46d2ec6b-d531-4e51-84d9-77ed62ff8f3f,,2020-06-04,reported_actual
2019-04,35264.520832,PLN million,https://www.gov.pl/attachment/46d2ec6b-d531-4e51-84d9-77ed62ff8f3f,,2020-06-04,reported_actual
2019-05,34760.098,PLN million,https://www.gov.pl/attachment/46d2ec6b-d531-4e51-84d9-77ed62ff8f3f,,2020-06-04,reported_actual
2019-06,32416.65,PLN million,https://www.gov.pl/attachment/46d2ec6b-d531-4e51-84d9-77ed62ff8f3f,,2020-06-04,reported_actual
2019-07,36331.248,PLN million,https://www.gov.pl/attachment/46d2ec6b-d531-4e51-84d9-77ed62ff8f3f,,2020-06-04,reported_actual
2019-08,31275.889,PLN million,https://www.gov.pl/attachment/46d2ec6b-d531-4e51-84d9-77ed62ff8f3f,,2020-06-04,reported_actual
2019-09,32989.515,PLN million,https://www.gov.pl/attachment/46d2ec6b-d531-4e51-84d9-77ed62ff8f3f,,2020-06-04,reported_actual
2019-10,38269.789,PLN million,https://www.gov.pl/attachment/46d2ec6b-d531-4e51-84d9-77ed62ff8f3f,,2020-06-04,reported_actual
2019-11,32905.945,PLN million,https://www.gov.pl/attachment/46d2ec6b-d531-4e51-84d9-77ed62ff8f3f,,2020-06-04,reported_actual
2019-12,45283.077,PLN million,https://www.gov.pl/attachment/46d2ec6b-d531-4e51-84d9-77ed62ff8f3f,,2020-06-04,reported_actual
2020-01,36844.986,PLN million,https://www.gov.pl/attachment/43c8b761-8a8d-433b-9781-31f7fe935ccc,,2021-06-08,reported_actual
2020-02,36400.103,PLN million,https://www.gov.pl/attachment/43c8b761-8a8d-433b-9781-31f7fe935ccc,,2021-06-08,reported_actual
2020-03,32307.557,PLN million,https://www.gov.pl/attachment/43c8b761-8a8d-433b-9781-31f7fe935ccc,,2021-06-08,reported_actual
2020-04,42970.168,PLN million,https://www.gov.pl/attachment/43c8b761-8a8d-433b-9781-31f7fe935ccc,,2021-06-08,reported_actual
2020-05,34428.6,PLN million,https://www.gov.pl/attachment/43c8b761-8a8d-433b-9781-31f7fe935ccc,,2021-06-08,reported_actual
2020-06,31560.88,PLN million,https://www.gov.pl/attachment/43c8b761-8a8d-433b-9781-31f7fe935ccc,,2021-06-08,reported_actual
2020-07,37589.097,PLN million,https://www.gov.pl/attachment/43c8b761-8a8d-433b-9781-31f7fe935ccc,,2021-06-08,reported_actual
2020-08,30107.035,PLN million,https://www.gov.pl/attachment/43c8b761-8a8d-433b-9781-31f7fe935ccc,,2021-06-08,reported_actual
2020-09,36057.948,PLN million,https://www.gov.pl/attachment/43c8b761-8a8d-433b-9781-31f7fe935ccc,,2021-06-08,reported_actual
2020-10,37776.56,PLN million,https://www.gov.pl/attachment/43c8b761-8a8d-433b-9781-31f7fe935ccc,,2021-06-08,reported_actual
2020-11,39649.482,PLN million,https://www.gov.pl/attachment/43c8b761-8a8d-433b-9781-31f7fe935ccc,,2021-06-08,reported_actual
2020-12,109083.732,PLN million,https://www.gov.pl/attachment/43c8b761-8a8d-433b-9781-31f7fe935ccc,,2021-06-08,reported_actual
2021-01,34010.719,PLN million,https://www.gov.pl/attachment/acd45f09-cc58-441e-aab7-923929635fa5,,2022-05-31,reported_actual
2021-02,36210.144,PLN million,https://www.gov.pl/attachment/acd45f09-cc58-441e-aab7-923929635fa5,,2022-05-31,reported_actual
2021-03,34254.086,PLN million,https://www.gov.pl/attachment/acd45f09-cc58-441e-aab7-923929635fa5,,2022-05-31,reported_actual
2021-04,33432.849,PLN million,https://www.gov.pl/attachment/acd45f09-cc58-441e-aab7-923929635fa5,,2022-05-31,reported_actual
2021-05,34220.807,PLN million,https://www.gov.pl/attachment/acd45f09-cc58-441e-aab7-923929635fa5,,2022-05-31,reported_actual
2021-06,33851.032,PLN million,https://www.gov.pl/attachment/acd45f09-cc58-441e-aab7-923929635fa5,,2022-05-31,reported_actual
2021-07,36850.311,PLN million,https://www.gov.pl/attachment/acd45f09-cc58-441e-aab7-923929635fa5,,2022-05-31,reported_actual
2021-08,33906.325,PLN million,https://www.gov.pl/attachment/acd45f09-cc58-441e-aab7-923929635fa5,,2022-05-31,reported_actual
2021-09,35755.098,PLN million,https://www.gov.pl/attachment/acd45f09-cc58-441e-aab7-923929635fa5,,2022-05-31,reported_actual
2021-10,41285.996,PLN million,https://www.gov.pl/attachment/acd45f09-cc58-441e-aab7-923929635fa5,,2022-05-31,reported_actual
2021-11,47285.682,PLN million,https://www.gov.pl/attachment/acd45f09-cc58-441e-aab7-923929635fa5,,2022-05-31,reported_actual
2021-12,120153.768,PLN million,https://www.gov.pl/attachment/acd45f09-cc58-441e-aab7-923929635fa5,,2022-05-31,reported_actual
2022-01,36448.95,PLN million,https://www.gov.pl/attachment/848524d8-4af1-49b7-a304-14199eccfc70,,2023-06-05,reported_actual
2022-02,43901.941577,PLN million,https://www.gov.pl/attachment/848524d8-4af1-49b7-a304-14199eccfc70,,2023-06-05,reported_actual
2022-03,40009.541423,PLN million,https://www.gov.pl/attachment/848524d8-4af1-49b7-a304-14199eccfc70,,2023-06-05,reported_actual
2022-04,38488.992,PLN million,https://www.gov.pl/attachment/848524d8-4af1-49b7-a304-14199eccfc70,,2023-06-05,reported_actual
2022-05,39061.225,PLN million,https://www.gov.pl/attachment/848524d8-4af1-49b7-a304-14199eccfc70,,2023-06-05,reported_actual
2022-06,37982.676,PLN million,https://www.gov.pl/attachment/848524d8-4af1-49b7-a304-14199eccfc70,,2023-06-05,reported_actual
2022-07,42738.224508,PLN million,https://www.gov.pl/attachment/848524d8-4af1-49b7-a304-14199eccfc70,,2023-06-05,reported_actual
2022-08,38948.409492,PLN million,https://www.gov.pl/attachment/848524d8-4af1-49b7-a304-14199eccfc70,,2023-06-05,reported_actual
2022-09,38096.106,PLN million,https://www.gov.pl/attachment/848524d8-4af1-49b7-a304-14199eccfc70,,2023-06-05,reported_actual
2022-10,43025.246,PLN million,https://www.gov.pl/attachment/848524d8-4af1-49b7-a304-14199eccfc70,,2023-06-05,reported_actual
2022-11,47551.055,PLN million,https://www.gov.pl/attachment/848524d8-4af1-49b7-a304-14199eccfc70,,2023-06-05,reported_actual
2022-12,71146.54,PLN million,https://www.gov.pl/attachment/848524d8-4af1-49b7-a304-14199eccfc70,,2023-06-05,reported_actual
2023-01,43310.336,PLN million,https://www.gov.pl/attachment/e38d72d2-4d8e-454d-bbdd-1cae56afab4a,,2024-06-04,reported_actual
2023-02,49877.177,PLN million,https://www.gov.pl/attachment/e38d72d2-4d8e-454d-bbdd-1cae56afab4a,,2024-06-04,reported_actual
2023-03,43532.04,PLN million,https://www.gov.pl/attachment/e38d72d2-4d8e-454d-bbdd-1cae56afab4a,,2024-06-04,reported_actual
2023-04,46959.24,PLN million,https://www.gov.pl/attachment/e38d72d2-4d8e-454d-bbdd-1cae56afab4a,,2024-06-04,reported_actual
2023-05,53528.85,PLN million,https://www.gov.pl/attachment/e38d72d2-4d8e-454d-bbdd-1cae56afab4a,,2024-06-04,reported_actual
2023-06,46080.87,PLN million,https://www.gov.pl/attachment/e38d72d2-4d8e-454d-bbdd-1cae56afab4a,,2024-06-04,reported_actual
2023-07,53814.747,PLN million,https://www.gov.pl/attachment/e38d72d2-4d8e-454d-bbdd-1cae56afab4a,,2024-06-04,reported_actual
2023-08,53266.47,PLN million,https://www.gov.pl/attachment/e38d72d2-4d8e-454d-bbdd-1cae56afab4a,,2024-06-04,reported_actual
2023-09,62312.847,PLN million,https://www.gov.pl/attachment/e38d72d2-4d8e-454d-bbdd-1cae56afab4a,,2024-06-04,reported_actual
2023-10,59129.754,PLN million,https://www.gov.pl/attachment/e38d72d2-4d8e-454d-bbdd-1cae56afab4a,,2024-06-04,reported_actual
2023-11,61161.355,PLN million,https://www.gov.pl/attachment/e38d72d2-4d8e-454d-bbdd-1cae56afab4a,,2024-06-04,reported_actual
2023-12,86612.805,PLN million,https://www.gov.pl/attachment/e38d72d2-4d8e-454d-bbdd-1cae56afab4a,,2024-06-04,reported_actual
2024-01,47826.002317,PLN million,https://www.gov.pl/attachment/82b401b8-5a99-4f98-8541-8fb5203fa6af,,2025-06-03,reported_actual
2024-02,64041.394683,PLN million,https://www.gov.pl/attachment/82b401b8-5a99-4f98-8541-8fb5203fa6af,,2025-06-03,reported_actual
2024-03,59085.026,PLN million,https://www.gov.pl/attachment/82b401b8-5a99-4f98-8541-8fb5203fa6af,,2025-06-03,reported_actual
2024-04,83051.33,PLN million,https://www.gov.pl/attachment/82b401b8-5a99-4f98-8541-8fb5203fa6af,,2025-06-03,reported_actual
2024-05,60150.48,PLN million,https://www.gov.pl/attachment/82b401b8-5a99-4f98-8541-8fb5203fa6af,,2025-06-03,reported_actual
2024-06,59632.349,PLN million,https://www.gov.pl/attachment/82b401b8-5a99-4f98-8541-8fb5203fa6af,,2025-06-03,reported_actual
2024-07,65484.757,PLN million,https://www.gov.pl/attachment/82b401b8-5a99-4f98-8541-8fb5203fa6af,,2025-06-03,reported_actual
2024-08,58739.382,PLN million,https://www.gov.pl/attachment/82b401b8-5a99-4f98-8541-8fb5203fa6af,,2025-06-03,reported_actual
2024-09,69470.386,PLN million,https://www.gov.pl/attachment/82b401b8-5a99-4f98-8541-8fb5203fa6af,,2025-06-03,reported_actual
2024-10,81829.19,PLN million,https://www.gov.pl/attachment/82b401b8-5a99-4f98-8541-8fb5203fa6af,,2025-06-03,reported_actual
2024-11,71277.674,PLN million,https://www.gov.pl/attachment/82b401b8-5a99-4f98-8541-8fb5203fa6af,,2025-06-03,reported_actual
2024-12,113654.539,PLN million,https://www.gov.pl/attachment/82b401b8-5a99-4f98-8541-8fb5203fa6af,,2025-06-03,reported_actual
2025-01,50596.519,PLN million,https://www.gov.pl/attachment/ea76e3d1-87c6-47b5-8c35-aae7451f9df5,,2026-06-01,reported_actual
2025-02,61463.485,PLN million,https://www.gov.pl/attachment/ea76e3d1-87c6-47b5-8c35-aae7451f9df5,,2026-06-01,reported_actual
2025-03,82656.216,PLN million,https://www.gov.pl/attachment/ea76e3d1-87c6-47b5-8c35-aae7451f9df5,,2026-06-01,reported_actual
2025-04,73108.688,PLN million,https://www.gov.pl/attachment/ea76e3d1-87c6-47b5-8c35-aae7451f9df5,,2026-06-01,reported_actual
2025-05,63520.675,PLN million,https://www.gov.pl/attachment/ea76e3d1-87c6-47b5-8c35-aae7451f9df5,,2026-06-01,reported_actual
2025-06,52602.999,PLN million,https://www.gov.pl/attachment/ea76e3d1-87c6-47b5-8c35-aae7451f9df5,,2026-06-01,reported_actual
2025-07,86610.951,PLN million,https://www.gov.pl/attachment/ea76e3d1-87c6-47b5-8c35-aae7451f9df5,,2026-06-01,reported_actual
2025-08,64238.392,PLN million,https://www.gov.pl/attachment/ea76e3d1-87c6-47b5-8c35-aae7451f9df5,,2026-06-01,reported_actual
2025-09,82187.186,PLN million,https://www.gov.pl/attachment/ea76e3d1-87c6-47b5-8c35-aae7451f9df5,,2026-06-01,reported_actual
2025-10,81774.96,PLN million,https://www.gov.pl/attachment/ea76e3d1-87c6-47b5-8c35-aae7451f9df5,,2026-06-01,reported_actual
2025-11,72265.76,PLN million,https://www.gov.pl/attachment/ea76e3d1-87c6-47b5-8c35-aae7451f9df5,,2026-06-01,reported_actual
2025-12,99164.781,PLN million,https://www.gov.pl/attachment/ea76e3d1-87c6-47b5-8c35-aae7451f9df5,,2026-06-01,reported_actual
2026-01,59279.205,PLN million,https://www.gov.pl/attachment/ebd9b857-ec5f-4575-8a0d-542ac6d63645,,2026-09-07,reported_actual
2026-02,67525.043,PLN million,https://www.gov.pl/attachment/ebd9b857-ec5f-4575-8a0d-542ac6d63645,,2026-09-07,reported_actual
2026-03,67941.69,PLN million,https://www.gov.pl/attachment/ebd9b857-ec5f-4575-8a0d-542ac6d63645,,2026-09-07,reported_actual
2026-04,81548.677,PLN million,https://www.gov.pl/attachment/ebd9b857-ec5f-4575-8a0d-542ac6d63645,,2026-09-07,reported_actual
2026-05,65247.886,PLN million,https://www.gov.pl/attachment/ebd9b857-ec5f-4575-8a0d-542ac6d63645,,2026-09-07,reported_actual
2026-06,60906.83,PLN million,https://www.gov.pl/attachment/ebd9b857-ec5f-4575-8a0d-542ac6d63645,,2026-09-07,reported_actual
2026-07,72518.145,PLN million,https://www.gov.pl/attachment/ebd9b857-ec5f-4575-8a0d-542ac6d63645,,2026-09-07,reported_actual
